date,target,actual,predicted,set
2017-05-31,sp500_return,0.011576251246328662,0.03371942737403025,train
2017-06-30,sp500_return,0.004813775207812565,0.02167207945668604,train
2017-07-31,sp500_return,0.019348826001101882,0.056316672134432574,train
2017-08-31,sp500_return,0.000546433019853243,0.009792963353804734,train
2017-09-30,sp500_return,0.019302978562167672,0.014792341396407619,train
2017-10-31,sp500_return,0.02218813506615125,0.0018381964258692342,train
2017-11-30,sp500_return,0.028082627806563343,0.03697098690592464,train
2017-12-31,sp500_return,0.009831630594270502,0.02844008475341145,train
2018-01-31,sp500_return,0.05617870412552817,0.05467861874611199,train
2018-02-28,sp500_return,-0.0389473718793677,-0.007738080785868934,train
2018-03-31,sp500_return,-0.02688449860055664,0.02190420370878385,train
2018-04-30,sp500_return,0.0027187749953683227,0.0013596248872542148,train
2018-05-31,sp500_return,0.0216083418545836,-0.024021149196554615,train
2018-06-30,sp500_return,0.00484243626760783,0.021826217328969794,train
2018-07-31,sp500_return,0.03602155617289915,0.0018946219920214589,train
2018-08-31,sp500_return,0.030263211276748248,0.006111467979832737,train
2018-09-30,sp500_return,0.0042942874264617625,0.013926085711249231,train
2018-10-31,sp500_return,-0.0694033560936963,-0.019424536728130184,train
2018-11-30,sp500_return,0.01785935665477978,-0.014327945041373788,train
2018-12-31,sp500_return,-0.09177689467997252,0.014779476500057112,train
2019-01-31,sp500_return,0.07868440166582613,0.04192138325467844,train
2019-02-28,sp500_return,0.029728889343927145,0.004676972211824814,train
2019-03-31,sp500_return,0.01792425624958849,0.0032702861839062087,train
2019-04-30,sp500_return,0.03931349831373798,0.011830169061365338,train
2019-05-31,sp500_return,-0.0657777313668354,-0.0120496987565657,train
2019-06-30,sp500_return,0.0689301639982407,0.040523642860371786,train
2019-07-31,sp500_return,0.013128152166957952,-0.014022218781037845,train
2019-08-31,sp500_return,-0.018091627240523933,-0.004730449177569648,train
2019-09-30,sp500_return,0.017181177931020697,-0.0019376889652335458,train
2019-10-31,sp500_return,0.020431770513684056,0.030635341116652677,train
2019-11-30,sp500_return,0.034047037714499906,-0.0004116762473120542,train
2019-12-31,sp500_return,0.02858981890573009,0.041942583042734335,train
2020-01-31,sp500_return,-0.0016280928190489652,-0.02188343630771752,train
2020-02-29,sp500_return,-0.08411048363840312,-0.013628173183857232,train
2020-03-31,sp500_return,-0.12511928240892822,-0.07618872990219008,train
2020-04-30,sp500_return,0.1268440381652789,0.1177938995121153,train
2020-05-31,sp500_return,0.04528181966555822,0.10808800715842522,train
2020-06-30,sp500_return,0.01838839651392421,0.02183294822227652,train
2020-07-31,sp500_return,0.055101321480443666,0.0707818426007728,train
2020-08-31,sp500_return,0.07006466690171775,4.1087796020057576e-05,train
2020-09-30,sp500_return,-0.039227970178423055,-0.02689094981677689,train
2020-10-31,sp500_return,-0.027665786221379718,-0.014844798422457166,train
2020-11-30,sp500_return,0.10754563544385909,0.06424879170848594,train
2020-12-31,sp500_return,0.03712145909357001,0.047476488142672996,train
2021-01-31,sp500_return,-0.011136660755445171,0.012633288593762084,train
2021-02-28,sp500_return,0.026091451377448394,0.010672484157804724,train
2021-03-31,sp500_return,0.042438632533165155,-0.010370958854632534,train
2021-04-30,sp500_return,0.05242532134755851,0.04402099075347134,train
2021-05-31,sp500_return,0.00548648867060697,0.02199236293792153,train
2021-06-30,sp500_return,0.022214009565834747,-0.006643828809704044,train
2021-07-31,sp500_return,0.02274805482838871,0.005760473434820775,train
2021-08-31,sp500_return,0.028990416255438634,-0.01366361408190532,train
2021-09-30,sp500_return,-0.047569168801901096,-0.012551438753074858,train
2021-10-31,sp500_return,0.0691438364006065,0.023866249084831093,train
2021-11-30,sp500_return,-0.008333706184746159,-0.045236945927782685,train
2021-12-31,sp500_return,0.04361291346206486,0.01992875649254776,train
2022-01-31,sp500_return,-0.052585165027393854,0.014662436172662581,train
2022-02-28,sp500_return,-0.031360491945908286,0.011500835102135228,train
2022-03-31,sp500_return,0.03577328837154625,-0.010635757581013518,train
2022-04-30,sp500_return,-0.08795671180434306,-0.042794334770527395,train
2022-05-31,sp500_return,5.317770464463578e-05,0.028517953533297537,train
2022-06-30,sp500_return,-0.08391999993382682,-0.033436756341575,train
2022-07-31,sp500_return,0.09111639173021002,-0.010110649329294855,train
2022-08-31,sp500_return,-0.04244012827299837,-0.024196685154072573,train
2022-09-30,sp500_return,-0.09339567201327437,-0.04302512579722308,train
2022-10-31,sp500_return,0.0798634138370089,0.031115202890945746,train
2022-11-30,sp500_return,0.053752893352493114,0.06054021888781193,train
2022-12-31,sp500_return,-0.05897147407473047,0.030933866877430206,train
2023-01-31,sp500_return,0.0617528578346791,0.02760655314457439,train
2023-02-28,sp500_return,-0.02611249393181858,-0.023488841181707045,train
2023-03-31,sp500_return,0.03505161257710898,0.02752802643438553,train
2023-04-30,sp500_return,0.014642341662481018,0.020064652502940088,train
2023-05-31,sp500_return,0.002482347368192972,-0.026178540490728926,train
2023-06-30,sp500_return,0.06472746490423464,0.027090742685221006,train
2023-07-31,sp500_return,0.031138932355010862,0.03932519695631232,train
2023-08-31,sp500_return,-0.017716390070854016,-0.0012523321724383588,train
2023-09-30,sp500_return,-0.048719367465624885,-0.00949969529412769,train
2023-10-31,sp500_return,-0.02197968873798295,-0.004132260866372507,train
2023-11-30,sp500_return,0.08917926878197013,0.032678334215835436,train
2023-12-31,sp500_return,0.04422923115636013,0.028792540780804156,train
2024-01-31,sp500_return,0.015895707598991615,-0.013318936760743989,train
2024-02-29,sp500_return,0.05172064062372317,0.00980929570681767,train
2024-03-31,sp500_return,0.031018779915342964,0.011232675815396822,train
2024-04-30,sp500_return,-0.04161507173789869,-0.010820503262461631,train
2024-05-31,sp500_return,0.0480211901511991,0.02055837353570208,train
2024-06-30,sp500_return,0.03466980128308328,0.006897304677067544,train
2024-07-31,sp500_return,0.011321316887868749,0.025541736837553026,train
2024-08-31,sp500_return,0.022834706936630367,0.02997126586930505,test
2024-09-30,sp500_return,0.020196884090601275,0.006000244440367724,test
2024-10-31,sp500_return,-0.009896743303151712,-0.030587853070001603,test
2024-11-30,sp500_return,0.057301295482098835,-0.011493291427855493,test
2024-12-31,sp500_return,-0.02499013704848363,-0.015945977763116792,test
2025-01-31,sp500_return,0.0270163042404441,0.004707386832772742,test
2025-02-28,sp500_return,-0.014242092699825126,0.021078262636055688,test
2025-03-31,sp500_return,-0.05754469768137538,0.05010001845653847,test
2025-04-30,sp500_return,-0.007624943346289825,0.041421108047733635,test
2025-05-31,sp500_return,0.06152382614078289,0.017772149484810523,test
2025-06-30,sp500_return,0.049606839467715824,0.04086119631317082,test
2025-07-31,sp500_return,0.0216665625306407,-0.012907406119352299,test
2025-08-31,sp500_return,0.019066444295036122,0.02521186497614792,test
2025-09-30,sp500_return,0.035323687218701494,0.006109331124067972,test
2025-10-31,sp500_return,0.0226868719049238,-0.020163974981456865,test
2025-11-30,sp500_return,0.0012996181666717899,0.007609691330971783,test
2025-12-31,sp500_return,-0.0005241344225139777,0.0169650157310498,test
2026-01-31,sp500_return,0.013662958900920286,0.03813434371466536,test
2026-02-28,sp500_return,-0.008668344740704326,0.009014181521958653,test
2026-03-31,sp500_return,-0.050932690968577,0.03462458432724562,test
2026-04-30,sp500_return,0.10423338582985764,0.03308591164490199,test
2026-05-31,sp500_return,0.03668471229984838,-0.015053347904447362,test
2017-05-31,nasdaq_return,0.024953685780273016,0.043420260750544004,train
2017-06-30,nasdaq_return,-0.009373220941963467,0.030726106086458472,train
2017-07-31,nasdaq_return,0.03382508003606999,0.06338315436237277,train
2017-08-31,nasdaq_return,0.01268722670266409,0.01913958498044083,train
2017-09-30,nasdaq_return,0.010468714016881098,0.02037829835348058,train
2017-10-31,nasdaq_return,0.035669856700295766,0.008138548452051954,train
2017-11-30,nasdaq_return,0.021746056906426947,0.045392384078540536,train
2017-12-31,nasdaq_return,0.004279902437090977,0.03485963953417469,train
2018-01-31,nasdaq_return,0.07360004775733286,0.06025468619656647,train
2018-02-28,nasdaq_return,-0.018683207025945725,0.0012594672584621408,train
2018-03-31,nasdaq_return,-0.028813321728640817,0.027440664119643354,train
2018-04-30,nasdaq_return,0.000399213435471113,0.0057894902987453145,train
2018-05-31,nasdaq_return,0.05318932005391752,-0.02168112893718837,train
2018-06-30,nasdaq_return,0.009161325862309111,0.027152732345758657,train
2018-07-31,nasdaq_return,0.021502501707615806,0.006383912921910345,train
2018-08-31,nasdaq_return,0.05705969503481012,0.012729214526126307,train
2018-09-30,nasdaq_return,-0.007792049993202155,0.019100619708337475,train
2018-10-31,nasdaq_return,-0.09202311437184163,-0.014716448345915178,train
2018-11-30,nasdaq_return,0.0033726354108472023,-0.0041824275897219924,train
2018-12-31,nasdaq_return,-0.094844343009027,0.024364995515243595,train
2019-01-31,nasdaq_return,0.09742776041862511,0.046420415725275554,train
2019-02-28,nasdaq_return,0.03444088126040867,0.008845270116543166,train
2019-03-31,nasdaq_return,0.026125358236259277,0.009038611548476152,train
2019-04-30,nasdaq_return,0.047361258276953366,0.014847477358878562,train
2019-05-31,nasdaq_return,-0.07933406834365553,-0.002431090752115235,train
2019-06-30,nasdaq_return,0.07420893706395515,0.04891216665721275,train
2019-07-31,nasdaq_return,0.02113097815546716,-0.009667887599054271,train
2019-08-31,nasdaq_return,-0.025997446136534985,0.005611556340962807,train
2019-09-30,nasdaq_return,0.004578740540366111,0.00430921089173528,train
2019-10-31,nasdaq_return,0.03663058621536641,0.0385242061241705,train
2019-11-30,nasdaq_return,0.04499435132841234,0.008564027935864704,train
2019-12-31,nasdaq_return,0.035442958374321654,0.0471987822457636,train
2020-01-31,nasdaq_return,0.019876159427214546,-0.014337303017578525,train
2020-02-29,nasdaq_return,-0.06377162183318119,-0.006183925696124332,train
2020-03-31,nasdaq_return,-0.10122943303118992,-0.06634500400892474,train
2020-04-30,nasdaq_return,0.15447197983741723,0.1387262059728942,train
2020-05-31,nasdaq_return,0.06753101402091799,0.11596477330590604,train
2020-06-30,nasdaq_return,0.05994807168457905,0.0415451118307011,train
2020-07-31,nasdaq_return,0.06824890438807873,0.08248785660742972,train
2020-08-31,nasdaq_return,0.09587385655533742,0.0016936564324196123,train
2020-09-30,nasdaq_return,-0.05162857309432001,-0.02073567893273813,train
2020-10-31,nasdaq_return,-0.02291647173327338,-0.007260570886014325,train
2020-11-30,nasdaq_return,0.11796176442264827,0.07128715394605896,train
2020-12-31,nasdaq_return,0.056525512127837185,0.059859677562741825,train
2021-01-31,nasdaq_return,0.01415318043835101,0.0203747828493031,train
2021-02-28,nasdaq_return,0.009307785257554269,0.007240032946818027,train
2021-03-31,nasdaq_return,0.00413273673203407,0.0036060659207487605,train
2021-04-30,nasdaq_return,0.05403612808007785,0.046472336835934366,train
2021-05-31,nasdaq_return,-0.01532223455047299,0.022188285063962025,train
2021-06-30,nasdaq_return,0.054929393389024916,-0.00798547809343711,train
2021-07-31,nasdaq_return,0.011633347461578625,0.004921093205420446,train
2021-08-31,nasdaq_return,0.03997637509763852,-0.014774729177074702,train
2021-09-30,nasdaq_return,-0.05312585317477336,-0.018448815170923172,train
2021-10-31,nasdaq_return,0.07265832106934167,0.021553277062780832,train
2021-11-30,nasdaq_return,0.0025357977274731436,-0.047401368457279984,train
2021-12-31,nasdaq_return,0.006904455804449761,0.01346338654436726,train
2022-01-31,nasdaq_return,-0.08981096597230198,0.007407972444029288,train
2022-02-28,nasdaq_return,-0.034303624483314143,0.005324468917057484,train
2022-03-31,nasdaq_return,0.03411428125857063,-0.020150874096246836,train
2022-04-30,nasdaq_return,-0.1326168062051618,-0.05418376354543387,train
2022-05-31,nasdaq_return,-0.020531609128287776,0.015726597322865472,train
2022-06-30,nasdaq_return,-0.08712982899269706,-0.04635030509980328,train
2022-07-31,nasdaq_return,0.12349100317618289,-0.02034149305529087,train
2022-08-31,nasdaq_return,-0.046364666895280404,-0.03445303005206507,train
2022-09-30,nasdaq_return,-0.10498976469754973,-0.0522358856011207,train
2022-10-31,nasdaq_return,0.03900766752836127,0.02196925401647893,train
2022-11-30,nasdaq_return,0.04366973442449451,0.05425944691639391,train
2022-12-31,nasdaq_return,-0.0873316647410185,0.025660355204326135,train
2023-01-31,nasdaq_return,0.10682381143076158,0.02702600617970422,train
2023-02-28,nasdaq_return,-0.011136364191968728,-0.029029972951707346,train
2023-03-31,nasdaq_return,0.06689951888555568,0.027474969697460702,train
2023-04-30,nasdaq_return,0.00038209427293267595,0.01921933609771515,train
2023-05-31,nasdaq_return,0.0579646930220068,-0.024485606235792413,train
2023-06-30,nasdaq_return,0.06591501854521198,0.0308533479441439,train
2023-07-31,nasdaq_return,0.04047743332839904,0.04121924124498366,train
2023-08-31,nasdaq_return,-0.02168195881860735,0.0002655253572077694,train
2023-09-30,nasdaq_return,-0.058115509328018455,-0.008839137672515679,train
2023-10-31,nasdaq_return,-0.027844100106792058,0.00046884770554588007,train
2023-11-30,nasdaq_return,0.10699196864359051,0.039814726882708484,train
2023-12-31,nasdaq_return,0.055188932682274316,0.03588741612081178,train
2024-01-31,nasdaq_return,0.010169648980439483,-0.015366102759020533,train
2024-02-29,nasdaq_return,0.06119160898679055,0.01617884647768659,train
2024-03-31,nasdaq_return,0.01786859743638325,0.013748344866867629,train
2024-04-30,nasdaq_return,-0.04405759714657864,-0.009454612882454208,train
2024-05-31,nasdaq_return,0.06879624349054803,0.027804074414962465,train
2024-06-30,nasdaq_return,0.059610332468520655,0.011123939802998079,train
2024-07-31,nasdaq_return,-0.0075115449332978645,0.03128422166618853,train
2024-08-31,nasdaq_return,0.00648992280787275,0.03824607604825864,test
2024-09-30,nasdaq_return,0.026846618834620584,0.013595624784872773,test
2024-10-31,nasdaq_return,-0.005168984162214452,-0.027654500919684084,test
2024-11-30,nasdaq_return,0.062061906478093176,-0.004876140627094818,test
2024-12-31,nasdaq_return,0.0048193527792455,-0.01134699684660112,test
2025-01-31,nasdaq_return,0.016397589430455106,0.008228281004252574,test
2025-02-28,nasdaq_return,-0.03974844289359336,0.030878855155900914,test
2025-03-31,nasdaq_return,-0.0821333525116098,0.059356488064563444,test
2025-04-30,nasdaq_return,0.008500394479722617,0.051859996276288595,test
2025-05-31,nasdaq_return,0.09557475679331917,0.023457588739750866,test
2025-06-30,nasdaq_return,0.06570974581683475,0.045929575762704816,test
2025-07-31,nasdaq_return,0.036952808538864845,-0.009589092738270404,test
2025-08-31,nasdaq_return,0.015770025485695616,0.031834219706957344,test
2025-09-30,nasdaq_return,0.05613740689554225,0.011832780200375348,test
2025-10-31,nasdaq_return,0.04699694231776186,-0.01673675217810009,test
2025-11-30,nasdaq_return,-0.01514318549655147,0.015302128428848384,test
2025-12-31,nasdaq_return,-0.005294053873229787,0.024362557610206895,test
2026-01-31,nasdaq_return,0.009458315570577636,0.04359402701100593,test
2026-02-28,nasdaq_return,-0.03382556700330619,0.015560866073969738,test
2026-03-31,nasdaq_return,-0.047537058883741046,0.02885188090761182,test
2026-04-30,nasdaq_return,0.15292187194550433,0.03664459926797798,test
2026-05-31,nasdaq_return,0.05831761392805879,-0.011889853297175138,test
2017-05-31,dgs10_change,-0.08000000000000007,-0.19609521991345177,train
2017-06-30,dgs10_change,0.10000000000000009,-0.12499556748261402,train
2017-07-31,dgs10_change,-0.010000000000000231,-0.11401877063882729,train
2017-08-31,dgs10_change,-0.17999999999999972,-0.08252047216616948,train
2017-09-30,dgs10_change,0.20999999999999996,0.06355034189493723,train
2017-10-31,dgs10_change,0.04999999999999982,0.14933188896411323,train
2017-11-30,dgs10_change,0.040000000000000036,-0.11704175622628278,train
2017-12-31,dgs10_change,-0.020000000000000018,-0.03199949445422687,train
2018-01-31,dgs10_change,0.3200000000000003,-0.13665763673033487,train
2018-02-28,dgs10_change,0.1499999999999999,0.03969962301494266,train
2018-03-31,dgs10_change,-0.1299999999999999,-0.004008400280252532,train
2018-04-30,dgs10_change,0.20999999999999996,0.19478588299195465,train
2018-05-31,dgs10_change,-0.1200000000000001,0.1561088200089213,train
2018-06-30,dgs10_change,0.020000000000000018,0.10442008122798932,train
2018-07-31,dgs10_change,0.10999999999999988,-0.026479002011941824,train
2018-08-31,dgs10_change,-0.10000000000000009,0.021516558153268778,train
2018-09-30,dgs10_change,0.18999999999999995,0.0266651141528269,train
2018-10-31,dgs10_change,0.10000000000000009,0.12749104651337287,train
2018-11-30,dgs10_change,-0.14000000000000012,-0.15887090869279624,train
2018-12-31,dgs10_change,-0.31999999999999984,-0.15989898882673367,train
2019-01-31,dgs10_change,-0.06000000000000005,0.12096033819514984,train
2019-02-28,dgs10_change,0.10000000000000009,0.09361663145171677,train
2019-03-31,dgs10_change,-0.31999999999999984,0.10206042920657021,train
2019-04-30,dgs10_change,0.09999999999999964,0.10241436629498826,train
2019-05-31,dgs10_change,-0.36999999999999966,-0.1143845091917904,train
2019-06-30,dgs10_change,-0.14000000000000012,-0.0915909386397823,train
2019-07-31,dgs10_change,0.020000000000000018,0.22703056390869802,train
2019-08-31,dgs10_change,-0.52,-0.10306582686401294,train
2019-09-30,dgs10_change,0.17999999999999994,0.0028672559026877292,train
2019-10-31,dgs10_change,0.010000000000000009,-0.16000214923100203,train
2019-11-30,dgs10_change,0.09000000000000008,-0.021013611415383902,train
2019-12-31,dgs10_change,0.1399999999999999,-0.07402300812834861,train
2020-01-31,dgs10_change,-0.4099999999999999,-0.08932025200146884,train
2020-02-29,dgs10_change,-0.3800000000000001,-0.04180519293686423,train
2020-03-31,dgs10_change,-0.42999999999999994,-0.3479421299136514,train
2020-04-30,dgs10_change,-0.05999999999999994,-0.11899100314250229,train
2020-05-31,dgs10_change,0.010000000000000009,0.33116698539274053,train
2020-06-30,dgs10_change,0.010000000000000009,-0.2490254967788876,train
2020-07-31,dgs10_change,-0.10999999999999999,-0.08322251768446606,train
2020-08-31,dgs10_change,0.16999999999999993,-0.06357409428139685,train
2020-09-30,dgs10_change,-0.030000000000000027,0.07846390123039254,train
2020-10-31,dgs10_change,0.19000000000000006,-0.046355483536913863,train
2020-11-30,dgs10_change,-0.040000000000000036,-0.026538803422604673,train
2020-12-31,dgs10_change,0.09000000000000008,-0.17202596348865687,train
2021-01-31,dgs10_change,0.18000000000000005,0.1049800980339084,train
2021-02-28,dgs10_change,0.32999999999999985,0.22993415990836957,train
2021-03-31,dgs10_change,0.30000000000000004,0.00811822384243907,train
2021-04-30,dgs10_change,-0.09000000000000008,-0.0581292387420832,train
2021-05-31,dgs10_change,-0.06999999999999984,-0.08603138689726518,train
2021-06-30,dgs10_change,-0.13000000000000012,0.23573181011844763,train
2021-07-31,dgs10_change,-0.20999999999999996,-0.00562389768241402,train
2021-08-31,dgs10_change,0.06000000000000005,-0.011021464421046831,train
2021-09-30,dgs10_change,0.21999999999999997,0.20653820243729745,train
2021-10-31,dgs10_change,0.030000000000000027,0.0844271988533755,train
2021-11-30,dgs10_change,-0.1200000000000001,-0.01187695606607287,train
2021-12-31,dgs10_change,0.09000000000000008,0.058266864668776674,train
2022-01-31,dgs10_change,0.27,0.16280638227364136,train
2022-02-28,dgs10_change,0.040000000000000036,0.049079556401668153,train
2022-03-31,dgs10_change,0.48999999999999977,0.16537608197705547,train
2022-04-30,dgs10_change,0.5700000000000003,0.4134361767472764,train
2022-05-31,dgs10_change,-0.040000000000000036,0.10587197533405385,train
2022-06-30,dgs10_change,0.1299999999999999,0.2786833464809776,train
2022-07-31,dgs10_change,-0.31000000000000005,0.1725113362277787,train
2022-08-31,dgs10_change,0.48,0.2780495234637291,train
2022-09-30,dgs10_change,0.6800000000000002,0.21393824983285073,train
2022-10-31,dgs10_change,0.2699999999999996,0.15901050607713416,train
2022-11-30,dgs10_change,-0.4199999999999995,-0.2226096957225509,train
2022-12-31,dgs10_change,0.19999999999999973,-0.07405833745660562,train
2023-01-31,dgs10_change,-0.3599999999999999,-0.06972859839310622,train
2023-02-28,dgs10_change,0.3999999999999999,0.2485407003244497,train
2023-03-31,dgs10_change,-0.43999999999999995,-0.14612696940293396,train
2023-04-30,dgs10_change,-0.040000000000000036,0.006063715419665751,train
2023-05-31,dgs10_change,0.20000000000000018,0.15353791474199113,train
2023-06-30,dgs10_change,0.16999999999999993,-0.06963691494856868,train
2023-07-31,dgs10_change,0.16000000000000014,0.06516823130407785,train
2023-08-31,dgs10_change,0.11999999999999966,0.1716645316159958,train
2023-09-30,dgs10_change,0.5,0.22172065233475474,train
2023-10-31,dgs10_change,0.29000000000000004,-0.0058295005877839895,train
2023-11-30,dgs10_change,-0.5099999999999998,-0.27880804131060366,train
2023-12-31,dgs10_change,-0.4900000000000002,-0.2115769105670025,train
2024-01-31,dgs10_change,0.11000000000000032,0.22792429804399955,train
2024-02-29,dgs10_change,0.2599999999999998,0.038111224956139056,train
2024-03-31,dgs10_change,-0.04999999999999982,0.056357433194092255,train
2024-04-30,dgs10_change,0.4900000000000002,0.14539138135307655,train
2024-05-31,dgs10_change,-0.1800000000000006,-0.17724611359850762,train
2024-06-30,dgs10_change,-0.14999999999999947,0.1031301300700426,train
2024-07-31,dgs10_change,-0.27000000000000046,-0.1227485106644258,train
2024-08-31,dgs10_change,-0.17999999999999972,-0.22572785548432053,test
2024-09-30,dgs10_change,-0.10000000000000009,-0.1646584364621973,test
2024-10-31,dgs10_change,0.4700000000000002,0.20178216794308912,test
2024-11-30,dgs10_change,-0.10000000000000053,0.04066292429261681,test
2024-12-31,dgs10_change,0.40000000000000036,0.1560960190588153,test
2025-01-31,dgs10_change,0.0,-0.03218175127627351,test
2025-02-28,dgs10_change,-0.33999999999999986,-0.1306786833375936,test
2025-03-31,dgs10_change,-0.009999999999999787,-0.24802007932992864,test
2025-04-30,dgs10_change,-0.0600000000000005,-0.4218897682028939,test
2025-05-31,dgs10_change,0.2400000000000002,0.004965171130468932,test
2025-06-30,dgs10_change,-0.16999999999999993,-0.14265766829558413,test
2025-07-31,dgs10_change,0.1299999999999999,0.2927401703312932,test
2025-08-31,dgs10_change,-0.13999999999999968,-0.2190302312993831,test
2025-09-30,dgs10_change,-0.07000000000000028,-0.0529641118194705,test
2025-10-31,dgs10_change,-0.04999999999999982,0.116759500487821,test
2025-11-30,dgs10_change,-0.09000000000000075,-0.11524260781794006,test
2025-12-31,dgs10_change,0.16000000000000014,-0.15499484920511136,test
2026-01-31,dgs10_change,0.08000000000000007,-0.026856541029100713,test
2026-02-28,dgs10_change,-0.2899999999999996,0.03563745504237262,test
2026-03-31,dgs10_change,0.3299999999999996,0.5150498562186596,test
2026-04-30,dgs10_change,0.10000000000000053,-0.12368398604680572,test
2026-05-31,dgs10_change,0.16999999999999993,0.031132162872234345,test
2017-05-31,gold_return,0.0046599988372419965,0.034112242932621294,train
2017-06-30,gold_return,-0.024606956625884413,0.018583710735565383,train
2017-07-31,gold_return,0.020875332822895,0.03535447328096933,train
2017-08-31,gold_return,0.03915993726669087,0.01402419424602397,train
2017-09-30,gold_return,-0.02636373838259154,-0.003048746546162513,train
2017-10-31,gold_return,-0.011314865392118567,-0.006446725951639335,train
2017-11-30,gold_return,0.004893410553965971,0.031218141599951593,train
2017-12-31,gold_return,0.025997564346263102,0.011160951085572407,train
2018-01-31,gold_return,0.025032496325182008,0.042735776724846984,train
2018-02-28,gold_return,-0.0175504107542942,0.0037000561496931066,train
2018-03-31,gold_return,0.005549257946123154,0.007263941645573234,train
2018-04-30,gold_return,-0.004989490030709476,-0.022496852436817122,train
2018-05-31,gold_return,-0.01223216546361583,-0.029316816933120673,train
2018-06-30,gold_return,-0.037535518555654956,0.0012268268226284375,train
2018-07-31,gold_return,-0.022057137840039376,0.0029404940816969215,train
2018-08-31,gold_return,-0.019122254864308075,0.0033345966815572464,train
2018-09-30,gold_return,-0.007331540839906392,0.00021196509401512348,train
2018-10-31,gold_return,0.01745702797156956,-0.012897077021372058,train
2018-11-30,gold_return,0.006516457993535951,0.009140383520392743,train
2018-12-31,gold_return,0.04761522699656795,0.029451426635622426,train
2019-01-31,gold_return,0.03238668603799488,-0.0039630599846864276,train
2019-02-28,gold_return,-0.005228387208488505,-0.017659084567415835,train
2019-03-31,gold_return,-0.015082303543330622,-0.01335087173297365,train
2019-04-30,gold_return,-0.007888593327049498,-0.006107459344356689,train
2019-05-31,gold_return,0.01792952847250917,0.013085432982878372,train
2019-06-30,gold_return,0.07956800310812806,0.022284517976534475,train
2019-07-31,gold_return,0.011633698646601465,-0.02434466595216226,train
2019-08-31,gold_return,0.06521281929185174,0.01676316720552573,train
2019-09-30,gold_return,-0.03515240950054355,-0.006750479016714704,train
2019-10-31,gold_return,0.031179692136612758,0.03341945624478979,train
2019-11-30,gold_return,-0.03030306212009004,0.008584808680687025,train
2019-12-31,gold_return,0.03677676399558738,0.026307188148124716,train
2020-01-31,gold_return,0.04172426746565483,-0.0016235540420213791,train
2020-02-29,gold_return,-0.011876965404106432,0.017126554633300442,train
2020-03-31,gold_return,0.012339395901399985,0.024242219387551424,train
2020-04-30,gold_return,0.06366043021573997,0.05845212086991574,train
2020-05-31,gold_return,0.03129086496263023,-0.0028217312004337695,train
2020-06-30,gold_return,0.03229890885911102,0.032804780886694106,train
2020-07-31,gold_return,0.09470164463364483,0.08739153925402827,train
2020-08-31,gold_return,0.002445448664359917,-0.012938632130757547,train
2020-09-30,gold_return,-0.040709481896636146,-0.02857670614138757,train
2020-10-31,gold_return,-0.005350980442880848,0.0037016780067198104,train
2020-11-30,gold_return,-0.05417069986132983,0.01657572862079243,train
2020-12-31,gold_return,0.06611478720635455,0.040668236831403394,train
2021-01-31,gold_return,-0.02419308401482434,0.007766958114414574,train
2021-02-28,gold_return,-0.06452664434118571,-0.037120746045593934,train
2021-03-31,gold_return,-0.008274941820402448,0.0014321600716719718,train
2021-04-30,gold_return,0.031217177311076982,0.04463556162374001,train
2021-05-31,gold_return,0.07650084730180629,0.025480176668844327,train
2021-06-30,gold_return,-0.06922467867115634,-0.015620826441704492,train
2021-07-31,gold_return,0.023605108202631175,0.020180374628673142,train
2021-08-31,gold_return,0.001324078366097714,0.001941414478434467,train
2021-09-30,gold_return,-0.032892535080922825,-0.014657109294371551,train
2021-10-31,gold_return,0.01578074995803025,0.02538604559274986,train
2021-11-30,gold_return,-0.005272027153147785,0.010575048097308207,train
2021-12-31,gold_return,0.03039018107578384,0.013620010252583109,train
2022-01-31,gold_return,-0.017783857729138153,0.015972400139829375,train
2022-02-28,gold_return,0.0581615734897285,0.02641787589277582,train
2022-03-31,gold_return,0.02621876704101611,-0.006495853349415913,train
2022-04-30,gold_return,-0.020469886796252945,-0.031795994117734455,train
2022-05-31,gold_return,-0.03488194414341905,0.008058326911704779,train
2022-06-30,gold_return,-0.020947509962970123,-0.028198341623718932,train
2022-07-31,gold_return,-0.022836844814264845,-0.009346998545815405,train
2022-08-31,gold_return,-0.028419067951734434,-0.027671444976330763,train
2022-09-30,gold_return,-0.02942551551685535,-0.021059386530677383,train
2022-10-31,gold_return,-0.015940808235575088,0.008258604839143615,train
2022-11-30,gold_return,0.06730238641898212,0.04737989448792457,train
2022-12-31,gold_return,0.042210739502792194,0.02806084550277247,train
2023-01-31,gold_return,0.060339644872449805,0.03649682240661004,train
2023-02-28,gold_return,-0.05213784689605472,-0.02803981239025348,train
2023-03-31,gold_return,0.0766034084508378,0.032216990896594154,train
2023-04-30,gold_return,0.010716087143695985,0.015156489453938491,train
2023-05-31,gold_return,-0.013165143205512098,-0.02184704608612594,train
2023-06-30,gold_return,-0.02179339492645227,0.01621915955236764,train
2023-07-31,gold_return,0.025714447473768498,0.0199768734967437,train
2023-08-31,gold_return,-0.0163918035159224,-0.017044191041747626,train
2023-09-30,gold_return,-0.046486419283759295,-0.018266273619179672,train
2023-10-31,gold_return,0.07418428515614806,0.010049002910748875,train
2023-11-30,gold_return,0.026647202153533778,0.04210954514724146,train
2023-12-31,gold_return,0.011922833545408684,0.04058267110991712,train
2024-01-31,gold_return,-0.006788208234537851,-0.029517969443815482,train
2024-02-29,gold_return,-0.0013180781588525425,0.006308627993248173,train
2024-03-31,gold_return,0.08393212849886278,0.002395542915499781,train
2024-04-30,gold_return,0.033372419617130555,-0.008242907998708028,train
2024-05-31,gold_return,0.013747054788550983,0.030577750996762666,train
2024-06-30,gold_return,0.0020664036462707536,-0.004723230219064474,train
2024-07-31,gold_return,0.04244535416963191,0.038254135914293226,train
2024-08-31,gold_return,0.027735441511693715,0.037926512160522875,test
2024-09-30,gold_return,0.05706153101368083,0.026144699738625654,test
2024-10-31,gold_return,0.038769374221692354,-0.01975612018940654,test
2024-11-30,gold_return,-0.02968997092298853,-0.008816573951435182,test
2024-12-31,gold_return,-0.010462946491578862,-0.012769459271027482,test
2025-01-31,gold_return,0.06971704405609214,0.006710107492041977,test
2025-02-28,gold_return,0.008640017361111196,0.03371067770452593,test
2025-03-31,gold_return,0.10081782116372495,0.05272565902247568,test
2025-04-30,gold_return,0.058345058384461135,0.0724200913086358,test
2025-05-31,gold_return,-0.004871436507186133,0.0033426054566427117,test
2025-06-30,gold_return,0.0016722916973181956,0.03051938760399272,test
2025-07-31,gold_return,-0.0003642396817160609,-0.02602616988059432,test
2025-08-31,gold_return,0.054809912145106665,0.035261427949848094,test
2025-09-30,gold_return,0.10567985226599852,0.015369528264653818,test
2025-10-31,gold_return,0.03681522092952827,-0.016564509598325727,test
2025-11-30,gold_return,0.05928879925935049,0.022212694559290244,test
2025-12-31,gold_return,0.025436857961000037,0.027405727939339382,test
2026-01-31,gold_return,0.08976784629210033,0.0270063941691171,test
2026-02-28,gold_return,0.10959080768757867,0.0044823718268182265,test
2026-03-31,gold_return,-0.1114424820464105,-0.03714308877219616,test
2026-04-30,gold_return,-0.00707890129366795,0.027606421208882286,test
2026-05-31,gold_return,-0.020304719991924625,-0.00494570411603393,test
2017-05-31,oil_return,-0.020474398920347192,0.05784451612943828,train
2017-06-30,oil_return,-0.047185405498690325,0.04641266969014154,train
2017-07-31,oil_return,0.08970454325132504,0.04476781669718321,train
2017-08-31,oil_return,-0.05860073219075401,0.044229907573317837,train
2017-09-30,oil_return,0.09400801756812283,0.05761133236056147,train
2017-10-31,oil_return,0.052448287114488235,0.022268134548761503,train
2017-11-30,oil_return,0.05553513053412562,0.04243763500505657,train
2017-12-31,oil_return,0.052613180536325244,0.06024559784458508,train
2018-01-31,oil_return,0.07133408339299718,-0.021005952606795483,train
2018-02-28,oil_return,-0.04773681147900277,-0.008664358208355483,train
2018-03-31,oil_return,0.053536714543056974,0.04293610113885301,train
2018-04-30,oil_return,0.05589770737525335,0.08534326636828407,train
2018-05-31,oil_return,-0.022312947150448403,0.006964064827791869,train
2018-06-30,oil_return,0.10605609357479584,0.059065233166506255,train
2018-07-31,oil_return,-0.07269048251829491,0.046927293994574945,train
2018-08-31,oil_return,0.015125085561615403,0.05099904302775207,train
2018-09-30,oil_return,0.049426888214946896,0.043204724284991954,train
2018-10-31,oil_return,-0.10839593776663825,-0.09331685775755776,train
2018-11-30,oil_return,-0.22018064294852802,0.06421274914037965,train
2018-12-31,oil_return,-0.10838406488685415,-0.020624161255825196,train
2019-01-31,oil_return,0.18454087417471787,0.08102639938518671,train
2019-02-28,oil_return,0.06376650393745686,0.018660250766278995,train
2019-03-31,oil_return,0.05103107491526604,0.04235029949972614,train
2019-04-30,oil_return,0.0626870717662924,-0.013133919179547926,train
2019-05-31,oil_return,-0.16288530546497315,-0.0382779621793997,train
2019-06-30,oil_return,0.09289721907856308,0.08347924761919419,train
2019-07-31,oil_return,0.0018813170524205614,-0.023206920924537258,train
2019-08-31,oil_return,-0.05940599604230057,-0.0012687068290276396,train
2019-09-30,oil_return,-0.018693263299828122,0.02452354285790326,train
2019-10-31,oil_return,0.0020344111516998886,0.009419926526867982,train
2019-11-30,oil_return,0.01827238571785239,0.039396372112569814,train
2019-12-31,oil_return,0.10676098241491583,0.007192233647727746,train
2020-01-31,oil_return,-0.15558466731636056,-0.014783841237159881,train
2020-02-29,oil_return,-0.13188523798760665,-0.15503511908480622,train
2020-03-31,oil_return,-0.5424486079039064,-0.28776956404943127,train
2020-04-30,oil_return,-0.08007809698756252,-0.17152165804153635,train
2020-05-31,oil_return,0.8837580356172043,0.28149007089771527,train
2020-06-30,oil_return,0.10650883630671548,0.28800920965053933,train
2020-07-31,oil_return,0.02546473105024627,0.024223863982983762,train
2020-08-31,oil_return,0.05810777566397474,-0.007993080760644464,train
2020-09-30,oil_return,-0.05609010456263208,0.026317662054123888,train
2020-10-31,oil_return,-0.11014421110697159,-0.05444382123845287,train
2020-11-30,oil_return,0.2668342831172523,0.1360300893087431,train
2020-12-31,oil_return,0.07013675109117257,0.07975110714948849,train
2021-01-31,oil_return,0.07584501794016263,-0.033279942324097936,train
2021-02-28,oil_return,0.17816090232058546,-0.0663937009753694,train
2021-03-31,oil_return,-0.03804878296890879,0.22234702259764139,train
2021-04-30,oil_return,0.0747126774009943,0.005253836467973311,train
2021-05-31,oil_return,0.043095278151300986,0.0313557712807412,train
2021-06-30,oil_return,0.10781063870295693,0.04203848094716002,train
2021-07-31,oil_return,0.006533220628337277,-0.015617830836212251,train
2021-08-31,oil_return,-0.0736984066687204,0.004791652871608543,train
2021-09-30,oil_return,0.09532844933280105,-0.09820389982240192,train
2021-10-31,oil_return,0.11382115226534961,0.0613436492869803,train
2021-11-30,oil_return,-0.20808902061926726,-0.10525485246088327,train
2021-12-31,oil_return,0.13644603713594505,0.05854213835964325,train
2022-01-31,oil_return,0.17205162344002423,-0.07049701781511132,train
2022-02-28,oil_return,0.08587634218703699,-0.024512395181169933,train
2022-03-31,oil_return,0.04763892081530274,0.05460865353142416,train
2022-04-30,oil_return,0.04397690183278935,-0.12834777612833048,train
2022-05-31,oil_return,0.09532902373485719,0.021610842238606195,train
2022-06-30,oil_return,-0.07770119625874239,-0.03284901456903297,train
2022-07-31,oil_return,-0.06751133931002895,0.043432992298954594,train
2022-08-31,oil_return,-0.09196916895379592,-0.007304129942634158,train
2022-09-30,oil_return,-0.11233952925913171,-0.052044248659943906,train
2022-10-31,oil_return,0.08856461321828868,0.050693080757604425,train
2022-11-30,oil_return,-0.0691089311441182,0.05635202773799958,train
2022-12-31,oil_return,-0.0036002595225353984,-0.012258605950021748,train
2023-01-31,oil_return,-0.017318706113278015,0.061732008830607185,train
2023-02-28,oil_return,-0.023075943089187922,-0.019770829176170443,train
2023-03-31,oil_return,-0.017910510423802206,0.0133422710598122,train
2023-04-30,oil_return,0.014668965735578743,0.037050955580011855,train
2023-05-31,oil_return,-0.11318054935616173,0.005934795722494612,train
2023-06-30,oil_return,0.03745048008379448,0.052142038283044596,train
2023-07-31,oil_return,0.1579841981672605,0.009341151857035226,train
2023-08-31,oil_return,0.02237156642283078,0.03571929870953368,train
2023-09-30,oil_return,0.08561525645412771,-0.03373681098283471,train
2023-10-31,oil_return,-0.10761101634475279,-0.016574773995223877,train
2023-11-30,oil_return,-0.06245368758635683,0.08572005055477169,train
2023-12-31,oil_return,-0.05674035822197343,0.043416593190320915,train
2024-01-31,oil_return,0.05861823948077949,-0.07767043750550663,train
2024-02-29,oil_return,0.03177328557141146,0.06931664615867175,train
2024-03-31,oil_return,0.06273953358917383,0.023197858534347457,train
2024-04-30,oil_return,-0.014909196718397077,-0.05611889032340443,train
2024-05-31,oil_return,-0.06029540367393571,0.0747398102923773,train
2024-06-30,oil_return,0.05909862550988576,0.033891361281138746,train
2024-07-31,oil_return,-0.04451799377802956,-0.051152248884751284,train
2024-08-31,oil_return,-0.0559620126480882,0.053097728193879985,test
2024-09-30,oil_return,-0.07314758204736638,-0.016562854849446848,test
2024-10-31,oil_return,0.015989496795699054,-0.10684559685058294,test
2024-11-30,oil_return,-0.01819234908125067,0.08904968377621222,test
2024-12-31,oil_return,0.054705900304457655,-0.020047196258277722,test
2025-01-31,oil_return,0.011293886570095779,-0.002784352363121946,test
2025-02-28,oil_return,-0.038191047700073644,0.04321404406620777,test
2025-03-31,oil_return,0.02465598004633418,0.037353656972591354,test
2025-04-30,oil_return,-0.1856463856919187,-0.009026814449094395,test
2025-05-31,oil_return,0.04432231354806704,0.06732067926028358,test
2025-06-30,oil_return,0.07106431369901123,0.04228359301661479,test
2025-07-31,oil_return,0.06373831188720813,0.010122925311886445,test
2025-08-31,oil_return,-0.07580132599005052,0.03198645768142068,test
2025-09-30,oil_return,-0.02562104592428127,0.002555029266929694,test
2025-10-31,oil_return,-0.022286346215373176,-0.02811775343890316,test
2025-11-30,oil_return,-0.039849136166239196,0.023615675477377633,test
2025-12-31,oil_return,-0.019299762302985246,0.03604408665051681,test
2026-01-31,oil_return,0.1356670352480165,-0.0041776384180759255,test
2026-02-28,oil_return,0.027756442018180172,0.019786898098633043,test
2026-03-31,oil_return,0.512682816045863,-0.04512920685931798,test
2026-04-30,oil_return,0.03639773664801371,0.07583676273494375,test
2026-05-31,oil_return,-0.08061293656899438,0.010651425549338206,test
2017-05-31,dxy_return,-0.021504339396127836,-0.003242030163882733,train
2017-06-30,dxy_return,-0.013000356279821546,-0.003246714825591997,train
2017-07-31,dxy_return,-0.02927036320893306,-0.010457759337593783,train
2017-08-31,dxy_return,-0.002046117167320727,-0.0008960742855404517,train
2017-09-30,dxy_return,0.004424340889290779,-0.004043383588213809,train
2017-10-31,dxy_return,0.01579287915540939,-0.003496419112252371,train
2017-11-30,dxy_return,-0.016287687634281012,0.0009198168028823556,train
2017-12-31,dxy_return,-0.009568856781068225,-0.004644332689852877,train
2018-01-31,dxy_return,-0.03245772257942103,-0.003487560891017168,train
2018-02-28,dxy_return,0.016604997223612417,0.010727335584117648,train
2018-03-31,dxy_return,-0.005076692212494072,-0.003058649928854731,train
2018-04-30,dxy_return,0.018746475689482622,-0.009013181338767868,train
2018-05-31,dxy_return,0.023410296293662647,-0.0021016804621923606,train
2018-06-30,dxy_return,0.006809228685972224,-7.111525115177913e-05,train
2018-07-31,dxy_return,-0.0014794398574642376,-0.008081244123024786,train
2018-08-31,dxy_return,0.006879051122596458,0.0006497779891045429,train
2018-09-30,dxy_return,0.0005255733874143242,-0.0038162819852879393,train
2018-10-31,dxy_return,0.020380237023377212,0.010934985262507801,train
2018-11-30,dxy_return,0.0014413609966772434,-0.003475627640561291,train
2018-12-31,dxy_return,-0.011308712985336644,0.006016226151281382,train
2019-01-31,dxy_return,-0.006134931362420937,-0.017348597940869348,train
2019-02-28,dxy_return,0.006068234148811635,-0.008492840000222907,train
2019-03-31,dxy_return,0.0116472033541406,-0.004817256014407273,train
2019-04-30,dxy_return,0.0020559681347291914,-0.008918631235732844,train
2019-05-31,dxy_return,0.002769764400579522,0.007552441955752613,train
2019-06-30,dxy_return,-0.016572918123601288,-0.007389252216018799,train
2019-07-31,dxy_return,0.024862160178241943,-0.006538555319138771,train
2019-08-31,dxy_return,0.004060104948319321,0.006028365922736677,train
2019-09-30,dxy_return,0.00465021323278858,-0.006358858806307286,train
2019-10-31,dxy_return,-0.020426633481588796,-0.008047265866818622,train
2019-11-30,dxy_return,0.009450417908222875,0.0024890294298009754,train
2019-12-31,dxy_return,-0.019130938410901188,-0.001303525287923199,train
2020-01-31,dxy_return,0.010374520244134322,0.012147906428795353,train
2020-02-29,dxy_return,0.0075982941616916655,0.022777508539459836,train
2020-03-31,dxy_return,0.009375377805870722,0.011201812003679083,train
2020-04-30,dxy_return,-0.00030294202692482397,0.006079304869192797,train
2020-05-31,dxy_return,-0.006867302850220747,-0.007150625246809762,train
2020-06-30,dxy_return,-0.00966033133637767,0.008264288007768298,train
2020-07-31,dxy_return,-0.04004519509519,-0.03140797786901751,train
2020-08-31,dxy_return,-0.014440031072503245,-0.006549250617704756,train
2020-09-30,dxy_return,0.018992837113005256,-0.0041390812598069565,train
2020-10-31,dxy_return,0.0015976304915754636,0.0013485004598366218,train
2020-11-30,dxy_return,-0.023075267416198142,-0.015690393678787305,train
2020-12-31,dxy_return,-0.021007948704427237,0.00028891862737875137,train
2021-01-31,dxy_return,0.007115848035087469,0.001974436169816977,train
2021-02-28,dxy_return,0.003863970711480924,-0.014864634935760054,train
2021-03-31,dxy_return,0.025294215814787524,0.0018913397578832107,train
2021-04-30,dxy_return,-0.020916062505876742,-0.003471389630896559,train
2021-05-31,dxy_return,-0.01369412814106552,0.0029251127345423815,train
2021-06-30,dxy_return,0.026768895865669773,0.006134138315205438,train
2021-07-31,dxy_return,-0.002920859642253748,0.006869744526724291,train
2021-08-31,dxy_return,0.004990768076500229,0.0034679858316955343,train
2021-09-30,dxy_return,0.01748896464014793,0.012612551408474108,train
2021-10-31,dxy_return,-0.0013792812033737167,-0.0015430404871915509,train
2021-11-30,dxy_return,0.019868200835293948,0.02712875253477387,train
2021-12-31,dxy_return,-0.0033336774866727925,0.0028108370324158765,train
2022-01-31,dxy_return,0.009093788682275061,0.022152646443177198,train
2022-02-28,dxy_return,0.0017609091292019041,0.0187185302994609,train
2022-03-31,dxy_return,0.01654429210286268,0.007071726543100314,train
2022-04-30,dxy_return,0.04729937586568922,0.02469214785775691,train
2022-05-31,dxy_return,-0.011752127964569259,0.0008892187619666961,train
2022-06-30,dxy_return,0.028894372888513598,0.010854326700903697,train
2022-07-31,dxy_return,0.011557923930223257,2.076273344007746e-05,train
2022-08-31,dxy_return,0.026439994164485947,0.009357041053973423,train
2022-09-30,dxy_return,0.03146279571625277,0.015610895528791469,train
2022-10-31,dxy_return,-0.005262254306385494,-0.0017300898704013506,train
2022-11-30,dxy_return,-0.05003139865621964,-0.006147041588438712,train
2022-12-31,dxy_return,-0.022935350402726873,0.003343309384926528,train
2023-01-31,dxy_return,-0.013717138861986444,0.0029821192704385284,train
2023-02-28,dxy_return,0.027130306697928486,0.004936874620429392,train
2023-03-31,dxy_return,-0.022504057867286376,0.0005191404991763049,train
2023-04-30,dxy_return,-0.008194361035802511,-0.003191008933621213,train
2023-05-31,dxy_return,0.026064734667107903,0.0036572966417299417,train
2023-06-30,dxy_return,-0.01351606630406077,-0.006414230990532391,train
2023-07-31,dxy_return,-0.01020311937025431,-0.004492503442157233,train
2023-08-31,dxy_return,0.01727863857926981,-0.0009651737412341632,train
2023-09-30,dxy_return,0.02460910398352012,0.007854645422748854,train
2023-10-31,dxy_return,0.004615291528820897,-0.0012569834954922919,train
2023-11-30,dxy_return,-0.029626884995429204,-0.005105792501572809,train
2023-12-31,dxy_return,-0.02096616588352962,0.001063224099788704,train
2024-01-31,dxy_return,0.0191453150790053,-0.0011651210568908226,train
2024-02-29,dxy_return,0.008618253587429736,0.0012357485462184481,train
2024-03-31,dxy_return,0.003744233639944694,0.0003696444855713259,train
2024-04-30,dxy_return,0.015973200575791324,0.0013795407586260642,train
2024-05-31,dxy_return,-0.01459238405144836,-0.0014908330945669407,train
2024-06-30,dxy_return,0.01146464697266758,-0.0005740110933971608,train
2024-07-31,dxy_return,-0.016718657094,0.003422570451454128,train
2024-08-31,dxy_return,-0.023054770038978822,-0.002135496924418904,test
2024-09-30,dxy_return,-0.009046196622931268,0.0038213310475225795,test
2024-10-31,dxy_return,0.03175237761854488,0.008747859604405609,test
2024-11-30,dxy_return,0.01692627861142082,-0.0053974239039462114,test
2024-12-31,dxy_return,0.02600718796630752,0.009266905929090605,test
2025-01-31,dxy_return,-0.0011060477421906967,0.00020166399483753043,test
2025-02-28,dxy_return,-0.007013030515535701,0.006725255935653369,test
2025-03-31,dxy_return,-0.03159559061977968,0.002173428210428174,test
2025-04-30,dxy_return,-0.04548505810778569,-0.0024360184828987616,test
2025-05-31,dxy_return,-0.0014074533822293622,-0.0072136645985088664,test
2025-06-30,dxy_return,-0.024665302853852822,-0.004013790694524719,test
2025-07-31,dxy_return,0.032514467539043856,-0.0035034511384248353,test
2025-08-31,dxy_return,-0.022593243665001594,-0.002087058449869149,test
2025-09-30,dxy_return,0.0,0.003253408974890103,test
2025-10-31,dxy_return,0.020763081501398162,0.0014792137334721242,test
2025-11-30,dxy_return,-0.0034068532754335523,0.0017231782312705389,test
2025-12-31,dxy_return,-0.01186406913369853,0.00013471143838453617,test
2026-01-31,dxy_return,-0.01312577260429404,0.0009220095441333032,test
2026-02-28,dxy_return,0.006392440047816805,0.002356031709600221,test
2026-03-31,dxy_return,0.02407538632749362,0.002388395537200873,test
2026-04-30,dxy_return,-0.018807495704649346,-0.00528003684206943,test
2026-05-31,dxy_return,0.012642718603385283,0.0019760819099568895,test
